_id,id_cliente,numero_conta,agencia,tipo,cpf,valor
120,112,27984233-1,2140,Conta salário,997.041.851-38,
154,145,261090-6,1066,Conta corrente,170.029.883-60,
211,201,57376-0,6967,Conta poupança,183.199.837-89,
241,229,21499-7,1661,Conta salário,660.239.312-00,9935.48
143,135,1560912-5,1989,Conta poupança,690.638.679-48,9926.87
6,5,235688-0,1545,Conta corrente,803.561.553-07,9871.34
213,202,0419790-9,2200,Conta poupança,086.548.791-06,9864.56
156,147,0352678-P,523,Conta salário,403.990.634-98,9845.99
167,158,26708-3,8024,Conta corrente,595.947.888-95,9842.57
239,227,0254427-P,179,Conta salário,380.186.223-29,9793.36
47,42,1273767-4,1545,Conta salário,852.423.147-53,9786.67
234,222,1144772-4,6074,Conta salário,104.132.601-78,9725.19
158,149,03155595-4,4713,Conta salário,410.436.439-82,9696.61
52,46,235488-8,1545,Conta corrente,020.064.904-35,9594.42
180,170,1085015-5,5568,Conta poupança,561.214.124-61,9589.22
126,118,45218215-2,3959,Conta poupança,223.186.842-35,9579.52
83,76,1177655-2,4079,Conta poupança,859.031.904-05,9525.94
182,172,255919-6,966,Conta poupança,342.363.481-28,9484.71
204,194,07284-7,6250,Conta poupança,196.882.762-51,9409.25
100,93,1148164-1,7138,Conta poupança,132.391.027-14,9403.82
40,35,83767-6,1545,Conta corrente,981.918.464-97,9360.69
107,100,01629-6,686,Conta salário,020.483.659-06,9274.21
116,109,0099647-5,302,Conta corrente,506.010.913-53,926.79
19,17,254169-6,1545,Conta corrente,461.607.804-17,9176.44
261,248,27946062-1,2229,Conta salário,181.895.211-44,9099.39
210,200,1550108-1,2111,Conta corrente,823.668.142-40,9068.68
140,132,88530-0,498,Conta poupança,826.786.543-89,9056.25
23,21,07032-5,1545,Conta corrente,144.391.287-50,8946.61
191,181,09275-7,507,Conta poupança,833.751.409-40,8878.87
190,180,1199373-1,5208,Conta poupança,423.338.328-35,8860.21
199,189,0125115-5,1063,Conta poupança,847.837.441-81,8852.13
195,185,87358-6,2012,Conta corrente,179.596.729-38,8850.85
128,120,1177114-3,5768,Conta poupança,387.415.272-32,8830.61
129,121,35236730-3,2192,Conta poupança,347.279.363-56,8777.86
192,182,89621-3,9369,Conta corrente,549.451.930-96,8775.21
151,143,77061-3,6137,Conta poupança,379.986.066-57,8753.26
176,167,08055-9,8372,Conta corrente,537.209.731-07,872.95
86,79,1966758-8,762,Conta corrente,425.034.356-10,8671.54
209,199,47751-0,5309,Conta corrente,136.207.167-65,8655.61
62,56,48071309-6,1545,Conta salário,213.791.971-04,8648.22
31,28,48540139-7,1545,Conta corrente,841.859.839-56,8645.58
25,22,38924-3,1545,Conta corrente,190.071.880-46,864.9
121,113,35264487-3,936,Conta poupança,268.047.927-00,8627.33
49,44,92944564-2,1545,Conta poupança,276.978.431-53,8580.85
165,156,15965-6,2924,Conta corrente,676.621.499-60,8548.47
4,4,1167749-X,1545,Conta poupança,845.939.560-05,8505.23
59,53,55552-6,1545,Conta corrente,334.636.901-36,8460.47
3,3,54377-2,1545,Conta salário,695.097.514-72,8403.51
27,24,30920-1,1545,Conta poupança,409.981.510-25,8402.96
227,215,104742-6,1659,Conta poupança,241.344.629-08,8401.33
2,2,200693-6,1545,Conta corrente,028.796.232-60,8288.56
163,154,0039249-9,2725,Conta salário,980.210.268-71,8276.41
95,88,0497816-1,691,Conta salário,189.177.207-49,813.88
109,102,09640961-8,2076,Conta corrente,062.077.614-56,8107.88
1,1,1012421-7,1545,Conta poupança,625.181.705-45,8106.44
11,10,66046-1,1545,Conta salário,454.817.732-95,8063.23
78,72,26135-3,332,Conta poupança,219.714.045-00,8017.89
230,218,59404-3,7881,Conta salário,590.211.843-38,8016.16
235,223,1340953-6,2005,Conta corrente,450.523.372-30,7975.72
218,207,0038942-0,2802,Conta corrente,570.320.351-16,7921.88
60,54,94142-0,1545,Conta poupança,157.363.154-08,7908.83
55,49,294522-3,1545,Conta corrente,511.379.904-14,7908.28
247,234,50961642-0,1684,Conta salário,077.396.080-50,7898.61
201,191,1290464-3,8566,Conta salário,996.266.452-70,7862.82
153,145,261090-6,1066,Conta salário,170.029.883-60,7846.66
252,239,07034974-8,3441,Conta corrente,657.493.567-95,7797.53
103,96,1163569-5,139,Conta corrente,882.687.421-27,7793.14
205,195,05137483-1,642,Conta salário,381.186.998-11,770.36
123,115,1277185-6,3676,Conta salário,450.490.884-02,7690.47
232,220,1148449-7,235,Conta corrente,310.175.958-79,7687.32
70,64,1609214010-1,60,Conta corrente,479.400.944-59,7663.67
141,133,0667961-7,5051,Conta salário,240.706.831-94,7573.36
87,80,0867506-6,2112,Conta poupança,293.168.930-03,7553.64
90,83,94630-4,122,Conta salário,376.297.742-90,753.54
58,52,1271883-1,1545,Conta corrente,842.343.555-50,7500.47
220,209,231389-8,583,Conta poupança,112.525.651-60,7457.18
30,27,1129937-1,1545,Conta poupança,093.412.414-05,7434.18
91,84,0968596-0,1198,Conta salário,499.437.488-00,7373.71
13,12,0396073-0,1545,Conta poupança,153.925.271-08,7345.75
20,18,1088750-4,1545,Conta corrente,098.772.988-80,7300.81
134,126,60681-2,5821,Conta salário,845.076.784-98,7272.15
175,166,24907-3,393,Conta poupança,180.862.327-43,7268.16
144,136,31253-4,7348,Conta poupança,776.557.077-31,7267.49
221,210,2420340589-0,42,Conta salário,877.154.673-16,7245.17
208,198,0067750-7,1771,Conta poupança,538.310.334-12,7190.91
157,148,24946-7,644,Conta poupança,903.697.613-83,7114.71
136,128,02354182-2,458,Conta poupança,821.629.071-35,7103.18
254,241,1039532-6,446,Conta poupança,509.577.923-44,7087.83
238,226,0387028-6,2182,Conta poupança,148.016.262-03,700.89
98,91,37685534-2,2269,Conta poupança,553.959.882-20,6977.93
207,197,0678489-5,498,Conta salário,219.611.274-74,6947.15
262,249,20611-3,604,Conta salário,519.776.635-24,6923.37
203,193,45406219-8,944,Conta salário,612.167.682-50,6914.22
196,186,3502-5,4019,Conta corrente,949.542.356-26,6865.78
185,175,87218-3,936,Conta salário,129.488.663-08,6739.16
113,106,87737-8,5798,Conta corrente,534.362.091-47,6734.74
173,164,0557587-7,24,Conta corrente,572.391.224-09,6734.59
104,97,1280661-7,289,Conta poupança,003.804.762-40,6691.91
229,217,43907042-1,33,Conta poupança,033.383.671-55,6634.65
246,233,35862851-6,695,Conta salário,588.912.395-50,66.19
36,31,82479-2,1545,Conta salário,842.978.499-33,66.08
260,247,12362-5,8438,Conta salário,476.906.052-14,6575.78
88,81,0631916-5,2092,Conta salário,247.449.191-03,6570.45
226,214,1742704-0,315,Conta corrente,149.400.631-60,6517.53
81,75,253587-4,5819,Conta poupança,816.774.624-00,6509.78
10,9,09590423-0,1545,Conta corrente,269.899.297-23,6464.62
26,23,27488941-9,1545,Conta corrente,533.168.897-79,6410.74
106,99,1042638-8,4717,Conta poupança,188.384.859-84,6409.42
236,224,0412748-P,229,Conta salário,205.049.155-76,6395.63
174,165,17455-7,3095,Conta corrente,925.657.661-90,638.29
148,140,81612-5,9190,Conta poupança,770.886.122-59,6191.34
259,246,1014051-4,4234,Conta salário,379.559.040-01,6010.48
73,67,48373-4,3047,Conta salário,462.626.519-77,5934.26
146,138,76852-1,3824,Conta corrente,071.885.324-51,5885.31
29,26,0878734-4,1545,Conta salário,070.103.454-81,5879.55
177,168,46131-9,7732,Conta poupança,152.625.162-03,5804.76
149,141,269489-1,1652,Conta salário,726.978.601-18,5750.75
96,89,81881-7,9207,Conta poupança,225.872.609-30,554.84
135,127,0122542-1,457,Conta poupança,787.452.336-91,5531.97
194,184,188369-0,3617,Conta salário,229.408.941-32,548.98
114,107,92536860-7,2219,Conta corrente,197.902.655-65,5454.67
168,159,0780556-P,5883,Conta corrente,725.767.481-71,541.87
118,111,83949-3,4021,Conta salário,776.862.934-59,5332.56
145,137,49841-9,712,Conta corrente,051.544.012-47,5305.92
45,40,1636164-P,1545,Conta poupança,112.551.654-21,5271.66
214,203,1204864-5,5808,Conta salário,281.307.136-67,52.78
160,151,18828-0,6118,Conta corrente,528.674.804-00,5172.19
15,14,0534441-7,1545,Conta corrente,449.036.841-05,5156.96
137,129,76519-5,7230,Conta corrente,518.073.201-89,5133.42
142,134,07672787-2,2239,Conta poupança,996.406.401-23,5051.36
102,95,270988-0,6740,Conta salário,170.583.171-00,505.8
184,174,0755020-0,6035,Conta salário,185.914.304-09,5012.37
181,171,60087448-1,783,Conta corrente,968.309.352-37,4874.45
233,221,1524609-P,6648,Conta poupança,315.655.773-02,4861.62
133,125,0176540-P,6699,Conta salário,610.490.161-14,4846.34
76,70,1760268-3,5,Conta poupança,235.044.458-90,4831.36
18,16,22516-6,1545,Conta salário,293.808.062-05,4813.18
74,68,91762-9,4230,Conta corrente,959.643.624-43,4795.36
172,163,0129160-2,2143,Conta poupança,189.900.212-00,475.7
224,212,86753-5,9346,Conta salário,627.123.113-61,4722.29
228,216,82092-0,1451,Conta corrente,142.427.391-92,4691.35
84,77,231940-3,4346,Conta poupança,101.671.842-02,4654.61
89,82,48397377-2,3706,Conta salário,556.804.687-51,4620.87
46,41,228537-1,1545,Conta corrente,638.680.962-99,4611.58
39,34,1361096-7,1545,Conta salário,576.843.157-81,45.59
240,228,1057737-8,2697,Conta poupança,839.434.878-57,4496.24
212,201,57376-0,6967,Conta corrente,183.199.837-89,4471.24
219,208,45266590-7,3458,Conta corrente,890.570.703-32,4383.68
215,204,65171-2,2997,Conta corrente,229.651.611-47,4368.17
61,55,35569382-4,1545,Conta salário,841.666.723-39,4251.76
202,192,74148-2,6383,Conta corrente,220.573.531-41,4206.79
33,30,0049806-8,1545,Conta poupança,780.986.023-20,4179.68
21,19,14403-7,1545,Conta salário,526.351.553-72,4113.39
75,69,65904-3,8849,Conta salário,332.828.351-08,3953.49
110,103,0671813-2,111,Conta corrente,710.470.412-43,3936.48
243,231,07800563-6,4658,Conta poupança,643.880.844-09,3922.59
80,74,1619684-3,5975,Conta salário,432.692.354-70,3871.84
127,119,88451-7,1423,Conta corrente,067.230.460-05,378.38
138,130,0039713-P,833,Conta corrente,487.916.402-02,3726.77
139,131,1145241-8,6180,Conta poupança,021.781.192-20,3696.77
255,242,295411-7,4254,Conta poupança,532.422.614-96,367.17
67,61,1744419-0,987,Conta salário,270.979.021-16,3614.19
115,108,24905-1,6313,Conta salário,708.129.831-14,3596.13
256,243,29295-8,2784,Conta corrente,000.229.878-35,3563.85
162,153,0433115-P,2767,Conta corrente,582.417.639-64,3517.36
119,112,27984233-1,2140,Conta poupança,997.041.851-38,3391.31
170,161,1136162-X,1137,Conta corrente,425.244.674-06,3343.78
150,142,1912643-9,2736,Conta corrente,671.865.712-39,3339.39
132,124,20745-9,4843,Conta salário,397.616.191-84,3298.61
38,33,1078596-5,1545,Conta salário,705.861.315-07,3277.75
258,245,1267065-0,1760,Conta poupança,591.022.731-95,3247.17
125,117,1138137-X,5921,Conta poupança,190.980.634-03,3225.35
122,114,7315702574-0,59,Conta salário,862.830.481-96,3118.49
65,59,14008-5,1545,Conta corrente,963.041.714-63,3107.88
56,50,82303-3,1545,Conta poupança,176.206.362-00,3048.72
48,43,86295-9,1545,Conta salário,895.937.727-90,3032.42
216,205,53245669-0,3524,Conta corrente,998.291.284-40,3014.17
50,45,86322-8,1545,Conta salário,686.742.959-91,3013.47
169,160,27557-1,577,Conta poupança,776.308.825-72,3003.92
53,47,283294-1,1545,Conta poupança,008.907.304-58,2984.62
249,236,0795587-1,1957,Conta salário,992.693.044-18,295.02
54,48,02993-4,1545,Conta corrente,091.764.109-43,2861.45
93,86,1218085-3,2971,Conta salário,033.337.027-97,283.52
248,235,78399-0,4286,Conta corrente,315.603.151-80,2791.72
71,65,1178577-2,5871,Conta salário,689.610.623-95,2751.81
37,32,33861-5,1545,Conta salário,729.714.507-67,2749.14
112,105,1254941-X,2328,Conta poupança,456.191.483-86,2685.67
225,213,1975246-1,3390,Conta corrente,834.977.178-00,2646.98
68,62,1508548-7,2151,Conta corrente,289.205.012-03,2528.35
131,123,1128896-5,1634,Conta poupança,154.158.244-64,2320.55
245,232,1059427-2,5294,Conta salário,047.326.014-05,2257.94
250,237,1117413-7,2694,Conta poupança,667.184.164-01,2159.24
189,179,0513681-4,3598,Conta corrente,048.590.471-33,214.48
193,183,237487-0,1842,Conta salário,820.078.502-57,2133.45
152,144,50239639-7,4402,Conta corrente,648.635.104-70,2058.52
155,146,09664198-8,4281,Conta salário,513.369.585-37,1974.78
206,196,255488-7,3140,Conta salário,003.067.296-10,1901.56
92,85,109448-3,8104,Conta salário,902.812.231-14,1811.26
97,90,0387741-8,6496,Conta poupança,000.465.101-41,1810.61
34,30,0049806-8,1545,Conta salário,780.986.023-20,179.68
51,45,86322-8,1545,Conta corrente,686.742.959-91,1713.47
257,244,09792610-8,796,Conta salário,078.361.494-20,1701.85
183,173,0732754-4,6383,Conta poupança,623.837.532-97,1694.57
251,328,48163-3,593,Conta poupança,690.524.743-03,1582.21
237,225,48736-4,2906,Conta salário,474.972.434-38,1483.15
171,162,84283-9,267,Conta corrente,099.960.134-21,1452.21
111,104,1153549-0,4292,Conta salário,807.601.401-89,1447.95
94,87,35359-5,1663,Conta corrente,258.333.724-61,1398.22
12,11,131942-6,1545,Conta poupança,992.651.961-06,1364.38
9,8,37923793-1,1545,Conta poupança,686.206.844-00,1354.59
161,152,0962595-P,2629,Conta corrente,105.540.644-13,1315.13
16,14,0534441-7,1545,Conta salário,449.036.841-05,1256.96
35,30,0049806-8,1545,Conta corrente,780.986.023-20,1179.68
72,66,1179118-2,874,Conta poupança,456.509.433-97,1157.17
124,116,0332808-2,3088,Conta salário,578.231.621-72,1134.53
44,39,37037129-9,1545,Conta salário,888.568.498-01,1106.46
28,25,43876973-9,1545,Conta salário,852.920.201-50,9933.5
188,178,285419-8,948,Conta salário,687.230.744-77,9820.6
42,37,48881704-4,1545,Conta poupança,917.341.484-03,9580.07
8,7,0150596-3,1545,Conta salário,797.591.481-96,9442.05
69,63,97215-4,6480,Conta corrente,761.842.512-44,9401.6
244,232,1059427-2,5294,Conta poupança,047.326.014-05,9130.2
14,13,156311-4,1545,Conta poupança,038.878.574-88,8851.6
43,38,91819-6,1545,Conta poupança,019.865.492-83,8778.03
99,92,46078095-4,788,Conta corrente,469.250.011-50,8604.09
200,190,233599-9,668,Conta corrente,616.789.557-01,8597.04
22,20,1173949-0,1545,Conta corrente,105.074.500-00,7982.6
130,122,0958660-1,2370,Conta corrente,052.688.521-16,7068.09
253,240,163591-3,4985,Conta corrente,366.092.657-47,6851.04
7,6,0616205-3,1545,Conta poupança,927.934.688-19,6805.5
242,230,1292926-9,5498,Conta poupança,941.169.492-64,6226.2
101,94,35096397-7,4025,Conta poupança,111.480.403-74,6156.01
85,78,207735-3,2642,Conta poupança,226.536.359-68,5261.02
79,73,166057-8,470,Conta poupança,071.071.591-94,5112.05
108,101,48870218-7,4674,Conta poupança,926.401.585-03,4885.04
159,150,119933-1,2863,Conta corrente,235.058.822-08,4761.9
41,36,92676297-1,1545,Conta corrente,750.921.051-86,4158.06
198,188,1612605-5,140,Conta salário,374.959.231-48,4083.06
77,71,74178-7,808,Conta poupança,145.599.065-56,3921.01
187,177,1175112-6,6869,Conta poupança,318.058.033-01,3704.4
57,51,21940-0,1545,Conta corrente,699.533.922-34,3612.8
178,169,1850247-P,1793,Conta salário,031.200.424-98,3291.01
217,206,145881-7,6806,Conta poupança,201.992.142-12,3187.08
24,22,38924-3,1545,Conta salário,190.071.880-46,2864.9
263,250,92330346-8,3452,Conta corrente,772.306.112-96,2673.3
186,176,43701-8,9260,Conta corrente,455.042.451-68,2391.9
66,60,37355-2,1545,Conta corrente,729.693.084-52,2363.09
17,15,253230-1,1545,Conta corrente,321.906.904-55,2258.11
223,211,97292-7,125,Conta poupança,163.241.754-56,2137.06
231,219,72789-9,8039,Conta salário,509.504.150-22,2061.4
164,155,0102380-2,1341,Conta poupança,887.008.840-57,1915.1
117,110,36792-4,6128,Conta poupança,236.928.802-78,2414
63,57,04606-7,1545,Conta poupança,138.889.343-62,1540
32,29,1221755-7,1545,Conta salário,128.791.631-70,1766.4
64,58,0543047-P,1545,Conta poupança,756.313.994-07,1715.5
197,187,1201707-8,519,Conta corrente,415.441.944-71,1708.03
166,157,01171265-0,3448,Conta salário,558.631.231-09,1679.02
5,4,1167749-X,1545,Conta corrente,845.939.560-05,1500.2
105,98,79033-2,3215,Conta poupança,861.201.842-01,1292.2
82,75,253587-4,5819,Conta corrente,816.774.624-00,1210.5
179,170,1085015-5,5568,Conta corrente,561.214.124-61,1090.7
147,139,1593060-8,919,Conta corrente,353.482.179-30,1021.06